{"train/seg_loss":0.4187,"train/dfl_loss":0.18507,"_timestamp":1.7275566640631387e+09,"train/cls_loss":13.15284,"lr/pg2":0.0006533333333333333,"train/box_loss":0.15695,"_step":1,"lr/pg1":0.0006533333333333333,"lr/pg0":0.0006533333333333333,"_runtime":12.128773047,"_wandb":{"runtime":12}}